{
  // These tasks will run in order when initializing your CodeSandbox project.
  "setupTasks": [
    {
      "name": "Install Dependencies",
      "command": "pnpm install"
    }
  ],

  // These tasks can be run from CodeSandbox. Running one will open a log in the app.
  "tasks": {
    "dev": {
      "name": "dev",
      "command": "pnpm dev",
      "runAtStart": true,
      "preview": {
        "port": 5173
      }
    },
    "build": {
      "name": "build",
      "command": "pnpm build",
      "runAtStart": false
    },
    "preview": {
      "name": "preview",
      "command": "pnpm preview",
      "runAtStart": false
    },
    "install": {
      "name": "install dependencies",
      "command": "pnpm install"
    }
  }
}
